TV,Radio,Newspaper,Sales,,,,,,,,,,
112.3620357,18.51329288,26.17056837,22.40245573,,,,,,,,,,
285.2142919,54.19009474,24.69787991,38.83918798,,SUMMARY OUTPUT,,,,,,,,
219.5981825,87.29458359,90.62545805,59.46453263,,,,,,,,,,
179.5975453,73.22248864,24.95461998,36.40966098,,Regression Statistics,,,,,,,,
46.80559213,80.65611479,27.19497261,38.93194061,,Multiple R,0.984530719,,,,,,,
46.7983561,65.87833667,75.93982624,42.34590156,,R Square,0.969300737,,,,,,,
17.42508365,69.22765645,44.97398425,34.72154285,,Adjusted R Square,0.969208177,,,,,,,
259.8528437,84.91956516,77.6710557,56.69097137,,Standard Error,2.009019559,,,,,,,
180.3345035,24.96680089,6.536615756,17.45827309,,Observations,999,,,,,,,
212.4217733,48.94249636,48.75711937,38.74834934,,,,,,,,,,
6.175348289,22.12094418,3.361360018,10.49682617,,ANOVA,,,,,,,,
290.9729556,98.7668008,6.265320346,44.81668196,,,df,SS,MS,F,Significance F,,,
249.7327922,94.40593397,90.64374533,58.39512257,,Regression,3,126800.8044,42266.93481,10472.06729,0,,,
63.7017332,3.942681137,13.92453711,13.74115784,,Residual,995,4015.978792,4.03615959,,,,,
54.54749016,70.55751725,53.24206823,37.73904164,,Total,998,130816.7832,,,,,,
55.02135296,92.52483174,41.10956026,46.24767111,,,,,,,,,,
91.27267289,18.05753451,34.73433263,19.94343087,,,Coefficients,Standard Error,t Stat,P-value,Lower 95%,Upper 95%,Lower 95.0%,Upper 95.0%
157.4269295,56.79452306,89.98333457,42.91738509,,Intercept,5.126503189,0.195271025,26.25327123,7.5518E-116,4.743312891,5.509693486,4.743312891,5.509693486
129.5835056,91.54882976,2.182339678,35.85140821,,112.3620357,0.039194488,0.000725684,54.01037558,4.554E-298,0.03777044,0.040618535,0.03777044,0.040618535
87.36874206,3.394597859,66.37896862,25.260546,,18.51329288,0.297955131,0.002178354,136.7799694,0,0.293680436,0.302229825,0.293680436,0.302229825
183.5558684,69.74202672,96.33944342,52.22093508,,26.17056837,0.201953615,0.002188439,92.28202202,0,0.197659128,0.206248101,0.197659128,0.206248101
41.8481582,29.73490074,56.01681835,25.70118563,,,,,,,,,,
87.64339456,92.43961954,93.6822462,55.29410734,,,,,,,,,,
109.908553,97.10582452,5.225787929,40.57681253,,,,,,,,,,
136.8209953,94.42664891,41.87933191,49.4114985,,,,,,,,,,
235.5527884,47.42142167,26.0157791,36.74869232,,,,,,,,,,
59.90213465,86.2042651,73.0820965,47.15424692,,,,,,,,,,
154.2703315,84.45493985,98.12970905,53.48114165,,,,,,,,,,
177.7243707,31.91004732,25.65300624,25.98565995,,,,,,,,,,
13.93512382,82.89154742,65.41746015,44.02892222,,,,,,,,,,
182.2634556,3.700763472,19.80976328,15.43520207,,,,,,,,,,
51.15723711,59.62698785,56.53302546,34.3266891,,,,,,,,,,
19.5154779,23.00088373,46.39324867,22.64710973,,,,,,,,,,
284.6656612,12.05668858,97.20053296,39.34643491,,,,,,,,,,
289.6896099,7.695320163,60.85272727,31.13231989,,,,,,,,,,
242.5192044,69.62887759,34.95063721,41.06256823,,,,,,,,,,
91.38413075,33.98749638,11.40957849,20.67272841,,,,,,,,,,
29.3016342,72.47667715,15.12468287,29.0915388,,,,,,,,,,
205.269908,6.53563408,22.531693,21.45822196,,,,,,,,,,
132.0457481,31.52903378,25.09666613,26.83037196,,,,,,,,,,
36.61147045,53.94912924,85.06160578,35.96914302,,,,,,,,,,
148.553073,79.07231648,56.12227883,44.02925191,,,,,,,,,,
10.31655633,31.87525029,52.33909114,22.44999706,,,,,,,,,,
272.7961206,62.58913764,11.47688719,35.68391569,,,,,,,,,,
77.63399448,88.59777482,86.01396933,51.72061015,,,,,,,,,,
198.7566853,61.58631882,72.28143032,42.98315868,,,,,,,,,,
93.51332283,23.29594748,6.76683619,15.23896477,,,,,,,,,,
156.0204064,2.440078156,70.78350972,24.1216269,,,,,,,,,,
164.0130838,87.00988739,54.35382173,48.94878857,,,,,,,,,,
55.45633666,2.126941085,8.172534575,9.629531381,,,,,,,,,,
290.8753883,87.47016727,45.83006415,50.59860344,,,,,,,,,,
232.539847,52.8937134,48.46962871,40.21727539,,,,,,,,,,
281.8496825,93.90676985,16.57745402,46.66814889,,,,,,,,,,
268.4482051,79.87832358,94.5698147,58.072078,,,,,,,,,,
179.3699936,99.79341105,84.99753715,62.45923467,,,,,,,,,,
276.5622705,35.07118155,66.90223373,42.64521413,,,,,,,,,,
26.54775062,76.71882889,46.2295561,35.72430744,,,,,,,,,,
58.79485873,40.19309136,41.17655416,29.30449742,,,,,,,,,,
13.56818667,47.98756203,65.09734672,34.58125853,,,,,,,,,,
97.59909923,62.75054632,54.54318694,36.34123868,,,,,,,,,,
116.6031869,87.36771142,6.227310588,38.75745831,,,,,,,,,,
81.40470953,98.40834692,51.25026488,51.10460927,,,,,,,,,,
248.6212527,76.82734139,80.64036172,51.87603526,,,,,,,,,,
107.025998,41.77667822,45.92398776,29.1638353,,,,,,,,,,
84.28035291,42.13570023,5.195657755,24.08637867,,,,,,,,,,
162.8088249,73.75823016,78.62781994,49.90837665,,,,,,,,,,
42.27726749,23.87771458,20.13637821,18.98463327,,,,,,,,,,
240.6590942,11.04741131,25.86208349,23.79418229,,,,,,,,,,
22.3651931,35.46221576,16.47063534,20.60879136,,,,,,,,,,
296.066081,28.72389917,33.02150649,29.41117003,,,,,,,,,,
231.6734308,29.63081205,75.67515057,40.38584637,,,,,,,,,,
59.61470446,23.3607751,51.93858595,27.11971788,,,,,,,,,,
1.656635137,4.209318964,20.48812742,9.967905089,,,,,,,,,,
244.6384285,1.787393473,87.78300782,32.79140285,,,,,,,,,,
212.0572032,98.77223897,87.9581855,57.64338191,,,,,,,,,,
218.7021504,42.77731337,87.0578425,45.02135804,,,,,,,,,,
231.381104,38.43266472,23.87962114,31.70508269,,,,,,,,,,
22.21339552,67.96472827,45.12393442,35.17835915,,,,,,,,,,
107.5397186,21.82538879,98.49896561,37.79770522,,,,,,,,,,
34.76071786,94.9961184,77.20124763,49.6613593,,,,,,,,,,
258.9310278,78.63450144,2.716742123,40.62015182,,,,,,,,,,
186.989438,8.941100231,6.520459126,14.42667074,,,,,,,,,,
99.26940746,41.75807758,46.39313768,30.72972281,,,,,,,,,,
19.06750509,87.91183076,90.92202059,49.97194503,,,,,,,,,,
93.29469651,94.47320223,53.8701798,48.29840033,,,,,,,,,,
97.55499661,46.74015112,49.7812508,32.1414415,,,,,,,,,,
218.8818535,61.34113892,10.54737,34.00414462,,,,,,,,,,
191.2672414,16.70339461,65.67801047,32.44940448,,,,,,,,,,
266.1638228,99.11686261,82.21031606,60.95014643,,,,,,,,,,
141.6644775,23.16717014,38.04200075,22.01197609,,,,,,,,,,
35.87827378,94.27317741,77.56118509,53.728489,,,,,,,,,,
213.9734362,64.9646649,96.44766539,55.10077815,,,,,,,,,,
228.2355146,60.77367949,20.37664591,33.85232822,,,,,,,,,,
168.3831593,51.2688511,52.33296312,38.96198994,,,,,,,,,,
231.290154,23.06698117,28.71379581,25.90851013,,,,,,,,,,
148.1386789,17.6528032,79.2854419,32.60545093,,,,,,,,,,
156.8198488,22.04862091,57.75933659,30.0276958,,,,,,,,,,
128.2623055,18.64382621,63.45824176,27.94647284,,,,,,,,,,
7.625738023,77.95844736,79.79141596,43.08331559,,,,,,,,,,
32.3674281,35.01252592,39.59704727,23.33678225,,,,,,,,,,
9.428755706,5.784267656,91.50900684,23.58184806,,,,,,,,,,
190.9231234,96.91026301,53.30288672,50.70693677,,,,,,,,,,
94.30679432,88.3785885,15.79548228,38.3105882,,,,,,,,,,
152.5712073,92.77522832,69.58991182,51.42187917,,,,,,,,,,
272.2699422,99.49078226,79.32613504,62.96736351,,,,,,,,,,
74.78766874,17.38952492,31.67616771,22.51809008,,,,,,,,,,
123.1148769,39.62420189,85.7179257,37.7953343,,,,,,,,,,
226.6653416,75.82384757,90.61432548,55.41544203,,,,,,,,,,
68.63944965,69.60206181,27.69044874,35.1636565,,,,,,,,,,
23.09397295,15.38959063,98.35214727,31.1550701,,,,,,,,,,
86.92543587,81.5833125,14.0711528,35.91815228,,,,,,,,,,
48.36638618,22.44405718,20.20156684,19.19355081,,,,,,,,,,
278.9092957,22.38176148,18.42248392,27.51989496,,,,,,,,,,
242.4361139,53.69744229,89.398971,46.2111466,,,,,,,,,,
190.021127,59.29399348,65.42925523,45.2132063,,,,,,,,,,
261.4381771,58.00862078,15.21042832,37.67678066,,,,,,,,,,
241.1016231,9.14868374,44.03234184,24.6685662,,,,,,,,,,
55.97101767,87.74608626,61.52980251,45.94450276,,,,,,,,,,
267.7676995,26.56000426,8.346408499,26.71464894,,,,,,,,,,
161.8026726,12.95149213,88.24163684,32.58725427,,,,,,,,,,
242.2320465,88.87480799,80.36035354,59.56975106,,,,,,,,,,
268.82739,95.56514982,50.52067736,59.25452101,,,,,,,,,,
95.40104249,86.21276173,96.71266153,52.45043046,,,,,,,,,,
33.01557736,80.95160747,41.77609793,36.19923572,,,,,,,,,,
68.38054876,65.52419806,98.4110319,47.68232494,,,,,,,,,,
128.1323366,55.08573706,66.79199988,41.45253957,,,,,,,,,,
245.4044298,8.698675991,63.46712733,29.65747271,,,,,,,,,,
258.219175,40.84532131,16.59548953,33.80798262,,,,,,,,,,
2.085639159,37.2688517,88.19277583,31.22542464,,,,,,,,,,
153.2241908,25.97537838,42.74896879,28.85721215,,,,,,,,,,
125.2233009,72.34201137,16.22334058,33.74448192,,,,,,,,,,
66.63234314,49.58757351,1.260751998,26.23247199,,,,,,,,,,
35.9596102,8.104621591,55.97556836,24.04991526,,,,,,,,,,
101.2845514,22.01832019,52.73996221,24.67155738,,,,,,,,,,
282.8729112,68.32587637,71.93536224,50.10063753,,,,,,,,,,
96.96087961,7.613085949,89.0258053,30.6866978,,,,,,,,,,
155.6371865,85.1206914,7.940658464,37.57556528,,,,,,,,,,
210.9056877,49.5146527,73.14964903,42.82973069,,,,,,,,,,
109.0888807,48.05865773,18.74119441,27.58016827,,,,,,,,,,
291.5346248,59.24077847,85.81770532,47.75781328,,,,,,,,,,
288.7341885,82.46809659,81.90635139,57.6433913,,,,,,,,,,
75.53468875,34.78092079,54.0793755,27.89208334,,,,,,,,,,
149.1745518,67.80161526,71.02427986,44.52607698,,,,,,,,,,
90.26349295,56.5731964,31.43501132,34.75676491,,,,,,,,,,
85.45214831,26.70282702,47.11678989,23.33927823,,,,,,,,,,
11.06608421,87.86299864,82.16368977,49.86069129,,,,,,,,,,
182.8693002,79.74260216,45.92651972,44.86493074,,,,,,,,,,
150.803707,65.84518347,35.77982653,37.38214829,,,,,,,,,,
15.44362537,85.05817291,49.42124473,42.60018962,,,,,,,,,,
83.59393927,86.7294201,82.82492524,51.60767124,,,,,,,,,,
272.4797658,70.83629767,33.52080474,44.99546687,,,,,,,,,,
71.8685672,83.70133284,17.37615931,38.39674372,,,,,,,,,,
43.46846163,69.74714617,71.20140203,41.24054596,,,,,,,,,,
146.8358281,68.01407718,82.59782127,46.57274706,,,,,,,,,,
295.6951362,61.86113782,10.06374785,35.22859531,,,,,,,,,,
72.61658145,75.27166396,23.98741128,33.63282364,,,,,,,,,,
201.6406642,15.86051053,14.19719898,26.56140837,,,,,,,,,,
228.4858846,88.08707592,34.79414116,50.01374555,,,,,,,,,,
71.2912632,87.18435277,45.03509789,40.31182721,,,,,,,,,,
218.4649046,2.924728303,74.8826337,26.9476255,,,,,,,,,,
110.3349398,82.58167506,65.11475849,48.17458393,,,,,,,,,,
189.6917492,12.88698675,62.09285675,29.96686694,,,,,,,,,,
190.0589132,33.51188543,35.23749466,30.80118876,,,,,,,,,,
160.7324052,74.35082563,84.14475531,50.05358337,,,,,,,,,,
27.08693102,16.0759896,47.12871674,20.08110895,,,,,,,,,,
250.5907487,81.79670241,97.9104938,59.80049848,,,,,,,,,,
96.23401949,83.2134178,63.41421383,46.6680149,,,,,,,,,,
55.95555312,50.74677338,12.62647416,20.54894822,,,,,,,,,,
12.23254247,0.638587172,67.61775621,18.74482983,,,,,,,,,,
177.267883,28.70381332,32.51040154,25.50112675,,,,,,,,,,
203.2693086,61.69269184,68.63271967,45.71554666,,,,,,,,,,
4.976348678,98.1186178,6.964114816,41.99798026,,,,,,,,,,
153.6279175,63.1813527,17.48814372,34.33211458,,,,,,,,,,
67.94873256,25.98035811,85.57372589,31.99974254,,,,,,,,,,
193.5518371,63.40057031,22.7179557,38.14943872,,,,,,,,,,
52.3099287,53.99853797,83.70411252,40.99815682,,,,,,,,,,
207.2813214,77.98453952,27.92760885,43.11232546,,,,,,,,,,
116.0206039,10.69806388,64.28819101,26.92158271,,,,,,,,,,
281.0189966,76.10279025,69.41505735,57.06769554,,,,,,,,,,
41.25628324,54.12665787,51.26547531,30.87956688,,,,,,,,,,
102.3199053,96.29920039,30.53106767,45.03603402,,,,,,,,,,
34.04205637,34.1872166,21.26443764,19.0179725,,,,,,,,,,
277.4080855,63.26218931,3.318935456,36.8497926,,,,,,,,,,
263.201806,93.20281055,30.39464012,47.73047041,,,,,,,,,,
77.38248831,10.2509728,65.31627905,23.39911356,,,,,,,,,,
197.9952138,93.72284872,93.83048184,59.21257971,,,,,,,,,,
245.1666601,68.78857223,87.12044823,54.81896116,,,,,,,,,,
166.5602435,6.783705911,76.60647765,30.85572593,,,,,,,,,,
158.8951735,30.09635669,78.84473433,33.66222606,,,,,,,,,,
72.55568727,70.81720886,66.49849035,42.55695644,,,,,,,,,,
27.93083034,6.735060147,26.02868576,11.9243287,,,,,,,,,,
269.1647274,58.21704602,90.71950307,48.85859369,,,,,,,,,,
270.1254171,34.5883057,67.07323119,39.16212053,,,,,,,,,,
189.9304372,62.09155178,56.0440631,41.81653006,,,,,,,,,,
101.7089373,4.574203381,11.09894692,17.51384086,,,,,,,,,,
104.7628724,87.15368062,44.70555438,45.14364961,,,,,,,,,,
217.7867037,97.34889692,46.03582712,49.36806764,,,,,,,,,,
269.133078,96.88778553,86.45636095,60.99338296,,,,,,,,,,
266.1259273,74.96518317,54.66482202,51.11032304,,,,,,,,,,
233.9626638,13.00862401,38.0400549,30.04599028,,,,,,,,,,
192.6094938,75.82631959,97.68003285,51.81631558,,,,,,,,,,
25.2419895,2.458691646,11.07205933,5.20185017,,,,,,,,,,
48.48861423,2.212355153,42.25484283,19.79615003,,,,,,,,,,
269.5662566,32.36102191,4.202467517,27.11067869,,,,,,,,,,
181.9287179,48.86431904,73.99041208,39.99794138,,,,,,,,,,
2.759115485,77.04074178,91.80765522,47.65337637,,,,,,,,,,
30.44146286,68.32953766,28.00373296,27.04577093,,,,,,,,,,
199.0505307,44.59027064,85.83416768,43.51268697,,,,,,,,,,
1.518475154,27.36266663,29.22182305,19.76954595,,,,,,,,,,
48.24241543,99.71245002,91.07701616,56.90737513,,,,,,,,,,
164.6201368,42.61813022,75.39619036,37.42169071,,,,,,,,,,
207.5685593,45.13870243,80.49067768,43.11386296,,,,,,,,,,
195.5883779,16.36238212,1.80065556,16.24153161,,,,,,,,,,
67.28079284,79.48095487,96.28103571,51.30249283,,,,,,,,,,
213.6537664,69.36822258,72.66709921,47.09934463,,,,,,,,,,
71.17472625,22.07696128,30.47510954,19.74889766,,,,,,,,,,
97.61990945,8.238104562,82.93946649,25.97249025,,,,,,,,,,
223.9474215,68.04993021,28.15211984,41.30557238,,,,,,,,,,
194.8898697,65.45112143,87.27538396,51.60291024,,,,,,,,,,
254.7670231,27.3259527,11.25803904,25.1708334,,,,,,,,,,
197.2838677,95.08635623,70.36859775,55.56745711,,,,,,,,,,
170.492581,15.10578918,54.06984766,24.2682267,,,,,,,,,,
28.10243035,43.2334801,9.65344702,20.42547735,,,,,,,,,,
110.3147409,94.36159202,24.18938283,42.45853457,,,,,,,,,,
79.5607103,41.97273169,1.240403628,26.26391483,,,,,,,,,,
73.19689301,63.85259477,46.87679655,34.23507941,,,,,,,,,,
291.9031664,39.7594398,30.12652608,37.55761829,,,,,,,,,,
117.9293174,27.42152023,59.83574843,31.904496,,,,,,,,,,
267.6139666,98.3977648,29.72378077,51.72991706,,,,,,,,,,
189.3415878,40.93340063,29.99191115,34.3693069,,,,,,,,,,
238.4433911,89.40992037,74.31931987,56.96878667,,,,,,,,,,
150.7911279,22.99546059,4.814283598,19.6714584,,,,,,,,,,
173.0711654,21.3104704,90.28949952,36.26764633,,,,,,,,,,
147.7553081,3.113408288,85.22638744,31.33665007,,,,,,,,,,
58.57289634,65.16668254,66.78046832,42.44195275,,,,,,,,,,
216.7356346,36.85263437,59.32215701,35.33829252,,,,,,,,,,
84.23170873,86.43582498,89.23024981,49.50757142,,,,,,,,,,
7.294789929,47.32099067,18.53301795,22.78873111,,,,,,,,,,
193.6416888,96.81934279,7.896916219,41.7707765,,,,,,,,,,
53.13320382,18.55255157,23.95101699,17.35424787,,,,,,,,,,
282.1375753,86.8623168,79.45782787,60.71063989,,,,,,,,,,
286.1785731,77.65968528,3.467026673,39.52385053,,,,,,,,,,
274.4593171,77.09218446,58.28068351,50.67651796,,,,,,,,,,
111.0476101,84.47832281,99.54375162,54.81019704,,,,,,,,,,
4.636984959,76.10239909,85.56960938,46.82698277,,,,,,,,,,
278.4955688,62.62203216,52.1445689,40.86156751,,,,,,,,,,
128.4552445,13.12448777,6.364090929,14.13497371,,,,,,,,,,
289.9964457,3.252617949,83.13735144,34.62568089,,,,,,,,,,
289.0859931,92.08478478,59.89785082,58.56860324,,,,,,,,,,
255.9028366,61.66503145,11.49329971,35.05047795,,,,,,,,,,
88.33466762,79.6537291,9.385728482,30.55354572,,,,,,,,,,
115.5293186,48.15223515,90.96268194,43.49880257,,,,,,,,,,
255.3410015,11.7308189,66.92002629,30.84616621,,,,,,,,,,
95.07660155,12.51857922,82.92867993,26.7650405,,,,,,,,,,
50.84782401,68.55652872,87.89789003,43.9317588,,,,,,,,,,
167.0403787,43.03058949,57.1772352,35.65718832,,,,,,,,,,
280.8464322,20.05247267,51.74463518,31.3890368,,,,,,,,,,
208.808939,49.15945467,43.04274103,32.29761005,,,,,,,,,,
171.018351,6.420893708,31.69465878,21.9000663,,,,,,,,,,
29.15294813,58.19714019,43.45959609,34.86692928,,,,,,,,,,
184.502168,26.89934044,77.38796557,37.23052595,,,,,,,,,,
297.016155,79.75591006,60.1923431,50.5705165,,,,,,,,,,
42.02520457,31.03619589,89.252329,33.43934968,,,,,,,,,,
155.4988957,45.52201491,44.33800144,33.73111796,,,,,,,,,,
263.2119216,1.162053991,60.70895787,29.21647341,,,,,,,,,,
222.2305853,7.244688779,63.13075531,30.02546209,,,,,,,,,,
209.1047223,39.24935564,59.16971623,35.50459123,,,,,,,,,,
210.7452252,47.99388347,70.26337731,42.04464062,,,,,,,,,,
107.8473454,60.00205481,23.74334684,32.97774043,,,,,,,,,,
88.07755328,29.16625787,51.23637775,30.43189969,,,,,,,,,,
242.8083466,69.49818861,10.42248028,39.05529959,,,,,,,,,,
243.0340184,86.01223972,38.45113276,49.79337258,,,,,,,,,,
260.1216956,77.98509889,48.76670686,48.72139212,,,,,,,,,,
273.9721658,3.961882535,65.22242595,33.01285487,,,,,,,,,,
153.4027197,48.05069473,95.05310526,45.38146385,,,,,,,,,,
150.4548884,10.49301784,60.06510665,24.4569464,,,,,,,,,,
239.4885537,24.20450159,74.35939162,39.51951089,,,,,,,,,,
194.9891792,98.66625933,50.62660595,53.9205727,,,,,,,,,,
210.5900632,14.24955429,63.41040314,29.4944614,,,,,,,,,,
238.7378008,49.88881535,7.093221613,29.97581502,,,,,,,,,,
267.0016025,61.81557343,25.43915808,39.90571884,,,,,,,,,,
101.3985471,70.24649705,36.18530932,38.29332245,,,,,,,,,,
112.6748858,55.96486835,47.2493355,36.14090757,,,,,,,,,,
28.19458195,0.977084742,4.56487455,7.956500958,,,,,,,,,,
173.4840423,32.64613082,14.00240976,27.93359764,,,,,,,,,,
10.78268214,51.77116434,27.68143078,28.64202905,,,,,,,,,,
139.6794054,8.786649914,97.15326909,33.03509619,,,,,,,,,,
162.7933904,35.06269312,33.13470071,30.54010486,,,,,,,,,,
85.96237564,3.320310879,48.20410581,17.01036164,,,,,,,,,,
177.2499782,7.857849716,19.60977127,19.1651624,,,,,,,,,,
9.150074982,39.69232762,61.07800711,33.10791541,,,,,,,,,,
11.20445662,13.2715754,28.06832155,14.60722341,,,,,,,,,,
246.7801682,56.75408483,20.69925784,34.34201589,,,,,,,,,,
108.0571924,68.94649691,51.65726284,39.03351156,,,,,,,,,,
38.1181538,80.05866991,0.550579916,28.47317703,,,,,,,,,,
156.672978,20.01502442,0.766403265,15.85518328,,,,,,,,,,
230.9980659,16.74825823,21.90688091,22.90476009,,,,,,,,,,
64.74630825,10.45678403,3.67213625,8.650180752,,,,,,,,,,
186.8671427,63.64302495,10.80257541,33.75934495,,,,,,,,,,
25.6042395,70.64757265,33.88606493,35.80020871,,,,,,,,,,
15.50451635,3.158614483,80.25856796,20.80396623,,,,,,,,,,
159.4063895,93.62122462,57.20486434,53.94216368,,,,,,,,,,
162.1905365,5.197128365,51.2667726,24.32169867,,,,,,,,,,
191.2289704,54.12963353,29.34888232,36.81898651,,,,,,,,,,
217.8274001,70.90605195,93.17537194,52.30431687,,,,,,,,,,
292.7556238,87.09691237,39.70150412,52.48864994,,,,,,,,,,
154.8901045,71.40869321,8.70927668,32.17619968,,,,,,,,,,
96.88694188,80.17280831,61.70665161,47.04914549,,,,,,,,,,
238.5558584,33.94501925,11.38383935,27.34618666,,,,,,,,,,
81.24967538,81.48251137,34.52231428,40.70570572,,,,,,,,,,
131.6914262,8.011484638,50.74119387,20.468152,,,,,,,,,,
23.5369144,89.48166561,87.42225247,48.48028707,,,,,,,,,,
7.605223025,54.75923762,49.35465803,32.79736825,,,,,,,,,,
288.7945244,81.729777,70.2258766,53.21919339,,,,,,,,,,
250.7940362,45.23182845,99.2816839,49.38405935,,,,,,,,,,
208.7922618,64.35776952,13.14891199,32.55452811,,,,,,,,,,
122.6858833,52.64026609,27.47315255,32.8904941,,,,,,,,,,
51.98829602,73.15895218,39.45760756,34.45369238,,,,,,,,,,
46.9311128,8.162998203,42.18281785,18.86730742,,,,,,,,,,
75.07286945,6.035208399,41.10210753,19.28516067,,,,,,,,,,
164.7679994,24.7103234,90.76110026,35.76249341,,,,,,,,,,
214.3787768,15.95446801,71.40326445,33.8061975,,,,,,,,,,
198.059213,87.17835666,60.79052141,51.75486433,,,,,,,,,,
83.98016908,21.92139874,30.93727179,20.04539703,,,,,,,,,,
286.4595842,97.58652558,82.37903842,60.19303936,,,,,,,,,,
221.369075,33.68957918,95.50605115,39.1375956,,,,,,,,,,
166.3062158,18.21179157,82.11982826,34.23905185,,,,,,,,,,
183.5162239,78.96985071,0.156510519,32.93330073,,,,,,,,,,
125.8800187,65.87077755,63.64013702,42.71514982,,,,,,,,,,
74.31929685,49.81957165,5.113538144,23.41445456,,,,,,,,,,
106.7918036,55.53635509,25.76072203,32.44300863,,,,,,,,,,
227.3538331,71.92017783,5.952470035,36.25660968,,,,,,,,,,
4.318046589,22.84547413,60.37954529,23.44337759,,,,,,,,,,
34.82179215,99.63339161,68.65899135,51.47842885,,,,,,,,,,
13.80079261,97.47931621,11.44876381,37.75569539,,,,,,,,,,
12.2186407,65.03256863,38.3838883,33.30760579,,,,,,,,,,
256.6381752,19.95424509,45.6236509,31.31506589,,,,,,,,,,
211.0973578,68.02282424,36.90530218,38.16065777,,,,,,,,,,
142.2521487,7.219840898,12.10250005,16.79011559,,,,,,,,,,
29.3502482,3.065250221,41.89477902,16.69747839,,,,,,,,,,
147.4847625,25.76828885,75.11780478,31.62007186,,,,,,,,,,
142.0415312,46.26229567,7.100766453,25.49234229,,,,,,,,,,
51.96056097,86.82725054,8.018001408,34.65158331,,,,,,,,,,
130.1554948,72.71690698,35.47712918,38.84772415,,,,,,,,,,
119.5514203,74.27065212,94.17257116,51.56548661,,,,,,,,,,
184.7550294,42.54933344,66.85726467,41.38918771,,,,,,,,,,
190.5280953,34.59349925,67.86699567,38.73610618,,,,,,,,,,
13.59120293,37.1038763,36.19199908,21.28877244,,,,,,,,,,
112.3837844,98.76495637,59.36607912,52.24219409,,,,,,,,,,
187.7579747,4.010919141,1.013118403,16.57408505,,,,,,,,,,
150.9408776,86.70314961,63.60960464,50.54411796,,,,,,,,,,
256.9469524,57.86754086,91.32869476,53.08584015,,,,,,,,,,
197.6080895,43.86154192,61.25734683,42.33879641,,,,,,,,,,
48.88032812,72.52576604,87.36985935,48.2343339,,,,,,,,,,
21.17062422,48.66689414,72.39730555,35.42497151,,,,,,,,,,
192.7257835,87.34232381,12.05584164,43.41307376,,,,,,,,,,
7.953393162,90.0701864,90.24533073,50.67803346,,,,,,,,,,
175.7326744,42.17209269,6.644384436,26.05761776,,,,,,,,,,
282.0690724,27.68277972,53.39674725,34.56411779,,,,,,,,,,
172.6422534,59.23503286,14.21371238,35.64576919,,,,,,,,,,
116.4509779,91.23633456,1.170661073,35.62621437,,,,,,,,,,
192.9864655,21.0662189,42.20342601,30.54474494,,,,,,,,,,
137.4758671,62.29665836,29.50407077,36.08857459,,,,,,,,,,
163.6850368,63.15602201,48.60004938,37.4156056,,,,,,,,,,
282.4394426,73.31130224,57.71998867,50.5702647,,,,,,,,,,
115.8307913,13.15676851,4.373907231,10.25499064,,,,,,,,,,
288.3571691,71.58249647,12.30032951,41.72011764,,,,,,,,,,
271.6051926,90.90325207,55.86423965,56.07849422,,,,,,,,,,
58.73734044,17.96831089,34.31673532,18.41862204,,,,,,,,,,
20.80839026,23.75433249,72.91734875,27.7892005,,,,,,,,,,
30.23340041,97.1395094,65.22916486,52.30533668,,,,,,,,,,
5.466547695,18.09769527,84.5604363,26.54856434,,,,,,,,,,
28.33288823,85.43850934,69.24928267,43.49690969,,,,,,,,,,
204.902032,49.22778564,42.99310774,39.52636533,,,,,,,,,,
21.35659454,24.72310744,67.29666224,30.65570284,,,,,,,,,,
95.69268909,87.07499013,27.53811743,40.46521943,,,,,,,,,,
253.4625933,44.5305255,30.63134988,36.64685743,,,,,,,,,,
6.981580721,51.48173539,78.89851599,39.18643888,,,,,,,,,,
244.3405448,35.92333694,44.64195164,32.99404474,,,,,,,,,,
84.55643243,59.29508514,79.83803405,41.16777798,,,,,,,,,,
35.44944829,16.35238726,82.24223737,30.23389061,,,,,,,,,,
209.0211496,39.10815367,85.75623377,45.61456739,,,,,,,,,,
188.682854,96.94123223,91.66352358,61.08815027,,,,,,,,,,
263.2416041,25.81334327,43.09852205,30.13374285,,,,,,,,,,
220.5213131,65.67366645,31.88668183,43.87441105,,,,,,,,,,
241.0442791,32.51900642,58.21987466,34.97950623,,,,,,,,,,
84.61037177,77.34731257,37.11724234,38.34178155,,,,,,,,,,
53.23186313,13.08736607,60.10741668,23.76164335,,,,,,,,,,
225.1844255,96.98210451,70.55858626,60.32204647,,,,,,,,,,
242.0504218,45.37895414,68.84050185,43.77175544,,,,,,,,,,
297.1515426,23.60504633,37.4552887,32.28836435,,,,,,,,,,
123.7853031,7.349674733,16.68602017,16.42009564,,,,,,,,,,
111.6054257,16.97579051,43.05293385,23.25457029,,,,,,,,,,
232.9238882,51.97739486,14.25941441,33.8783359,,,,,,,,,,
102.2410621,33.70031764,89.00970352,31.94255832,,,,,,,,,,
279.2271977,82.88833659,34.58774607,47.35992318,,,,,,,,,,
257.5238256,43.08875237,15.44597472,31.79941755,,,,,,,,,,
128.6982082,24.87142726,2.544775991,15.81628354,,,,,,,,,,
225.2613203,61.71449866,64.58223863,46.21389677,,,,,,,,,,
226.3628622,70.67772169,63.69023175,47.5869349,,,,,,,,,,
30.93716065,16.70419079,34.06041666,21.57177839,,,,,,,,,,
270.765872,16.76192163,7.171188885,25.4394886,,,,,,,,,,
151.5757117,3.667142693,40.96288949,19.42413804,,,,,,,,,,
247.9372398,73.64020151,31.12174951,42.93222452,,,,,,,,,,
96.01488031,66.38045276,67.71206397,42.1492487,,,,,,,,,,
268.6569685,47.46308757,60.57792495,41.19747105,,,,,,,,,,
116.7605036,84.4170449,36.45937282,42.67745815,,,,,,,,,,
3.251295444,80.5670153,21.78925543,32.14144335,,,,,,,,,,
271.6145929,58.53543644,98.80359662,50.9247033,,,,,,,,,,
27.38600304,86.82712805,45.40016212,42.46903341,,,,,,,,,,
95.79409128,20.584121,68.82742358,30.03154384,,,,,,,,,,
285.0185901,11.19196194,14.05529676,20.96076002,,,,,,,,,,
285.1821441,26.97496115,48.55896997,36.00227896,,,,,,,,,,
172.0313664,5.708685609,2.753671987,12.88143928,,,,,,,,,,
189.5511637,53.1169528,50.54551179,39.13256522,,,,,,,,,,
134.5336566,93.66056923,96.40174071,59.4005532,,,,,,,,,,
87.96323151,3.934354067,38.4206713,17.31574461,,,,,,,,,,
98.59936361,12.2109914,3.899601257,14.29667404,,,,,,,,,,
201.7555368,45.21990283,3.095579092,26.22244885,,,,,,,,,,
225.7123588,93.38750175,38.79867599,49.41154691,,,,,,,,,,
237.4737131,31.6156105,16.00249365,26.77241154,,,,,,,,,,
236.8854428,50.72348087,2.335209633,28.66634721,,,,,,,,,,
27.36183091,4.157285905,75.6213614,22.11238296,,,,,,,,,,
148.3260914,14.8343201,45.85230089,21.45656327,,,,,,,,,,
17.267628,98.6630123,28.9244772,40.09219675,,,,,,,,,,
164.8586647,96.51186964,90.0083183,57.97982015,,,,,,,,,,
132.4591504,0.493998093,11.61389602,12.25698514,,,,,,,,,,
266.3112548,95.18117854,95.5918829,62.84218544,,,,,,,,,,
105.2745038,63.91199378,31.39667174,34.54038423,,,,,,,,,,
35.12010493,86.79182945,88.84036723,51.16930952,,,,,,,,,,
42.89750462,45.47398556,60.29428765,34.16598753,,,,,,,,,,
228.4531895,51.55960286,82.67073597,44.84062518,,,,,,,,,,
185.465419,48.88465803,98.40131632,44.35787572,,,,,,,,,,
30.33680284,66.68642575,28.84054378,29.90341977,,,,,,,,,,
25.23204183,13.96512548,96.11354854,28.44712318,,,,,,,,,,
210.2907394,2.997358987,38.94818949,21.39663254,,,,,,,,,,
21.82890191,30.79299416,38.55119047,21.28130029,,,,,,,,,,
246.5580178,70.46807627,34.03871043,40.21825235,,,,,,,,,,
211.8726681,20.18534521,54.14076073,29.44642078,,,,,,,,,,
24.40463419,67.34324333,15.41450432,29.62491247,,,,,,,,,,
25.45131423,96.99120461,55.37114854,47.37970259,,,,,,,,,,
295.9918736,9.390071579,54.17048124,29.37594656,,,,,,,,,,
112.2812387,67.26021182,76.19018126,44.0813537,,,,,,,,,,
111.1926441,44.37502193,83.36499619,37.57981496,,,,,,,,,,
243.8398702,86.81422544,44.04413503,49.5438111,,,,,,,,,,
284.1745732,17.71497894,30.23332494,26.03128433,,,,,,,,,,
295.8003191,69.26259522,25.93348973,43.94374491,,,,,,,,,,
226.0134556,83.81152896,19.46238367,39.50474066,,,,,,,,,,
112.8778757,94.46142195,5.76475822,38.28723391,,,,,,,,,,
25.05021501,68.32480283,34.24479788,33.9506237,,,,,,,,,,
233.1440748,49.7174764,27.02476921,35.01362879,,,,,,,,,,
167.5212749,61.78472402,96.64173859,54.95068325,,,,,,,,,,
127.2666028,86.89049845,55.77088263,48.01159022,,,,,,,,,,
271.9063155,57.06097466,34.7277039,37.93197661,,,,,,,,,,
33.35924469,3.03870597,58.0467601,18.6644051,,,,,,,,,,
147.7875313,93.09486955,13.91967013,38.07140348,,,,,,,,,,
3.40609343,68.9526751,44.40437492,34.54172175,,,,,,,,,,
140.5981926,67.65133858,62.62343214,41.77790359,,,,,,,,,,
16.8909827,21.56751524,48.88978318,23.75463107,,,,,,,,,,
35.64537488,65.88854702,40.17788007,33.12887457,,,,,,,,,,
35.25787403,39.38644057,99.38483889,37.86968308,,,,,,,,,,
194.7630906,65.1232977,88.03147621,48.6626925,,,,,,,,,,
223.8134638,10.65930303,62.34059582,33.09615133,,,,,,,,,,
175.0106295,65.78453046,56.93773612,42.48084601,,,,,,,,,,
288.6517645,99.94137258,62.06604798,62.60680604,,,,,,,,,,
112.4611739,4.821203886,20.13121078,16.5993538,,,,,,,,,,
85.71362588,97.71741842,39.51377433,46.61065888,,,,,,,,,,
260.5797385,40.69079607,3.945953289,29.15708531,,,,,,,,,,
67.07875156,87.07534503,47.55460375,44.10426892,,,,,,,,,,
288.9667618,78.23854841,54.3024584,47.03538152,,,,,,,,,,
3.646342407,56.7016261,22.77497361,26.15356946,,,,,,,,,,
290.963648,73.84492093,96.40288472,59.76291508,,,,,,,,,,
12.94797359,87.85155613,90.94546109,49.96468363,,,,,,,,,,
267.3429341,40.41403217,72.21432355,39.45041203,,,,,,,,,,
158.3103327,32.70331616,53.33866288,31.70633183,,,,,,,,,,
297.8894388,66.75933856,86.99691596,57.75097335,,,,,,,,,,
22.13896942,80.78459419,13.06523438,35.22776734,,,,,,,,,,
166.1562853,76.22851348,79.05097943,50.20099332,,,,,,,,,,
290.7907607,79.78136489,12.4820814,44.96535473,,,,,,,,,,
156.9293533,43.55833148,79.42106625,39.49587278,,,,,,,,,,
188.8195914,81.78342162,27.57675683,39.19541833,,,,,,,,,,
208.7246067,12.02090554,87.7090581,32.64813557,,,,,,,,,,
136.3623194,54.4489098,94.40420938,48.79578513,,,,,,,,,,
188.267424,0.57586605,14.87959694,15.13139,,,,,,,,,,
175.2942936,32.45858299,46.26756051,30.51609078,,,,,,,,,,
270.3474031,36.64615349,98.09873782,45.82781334,,,,,,,,,,
13.6339141,39.61726916,48.3407436,30.90695921,,,,,,,,,,
84.28895688,69.54672067,86.35475225,49.75844276,,,,,,,,,,
285.1234452,38.85581013,58.87315221,44.27387176,,,,,,,,,,
267.0791352,44.86936226,37.53299079,36.33248182,,,,,,,,,,
136.6970258,23.75441309,28.57835555,23.90112505,,,,,,,,,,
186.0397793,37.32517916,20.32230911,24.67032165,,,,,,,,,,
83.21435489,22.72696273,76.17981914,33.33649569,,,,,,,,,,
56.43634792,7.319592377,38.65405068,14.84858266,,,,,,,,,,
139.1095215,60.34485934,51.12754622,39.32689903,,,,,,,,,,
106.0056684,66.82127986,49.232548,36.93851524,,,,,,,,,,
175.0968336,61.9490346,57.72790292,40.95643065,,,,,,,,,,
23.32039109,46.34940438,86.55771456,35.47465501,,,,,,,,,,
292.3184423,37.97857802,98.07393436,46.48534745,,,,,,,,,,
295.8632233,86.33336496,40.75842086,49.80797719,,,,,,,,,,
209.4485142,51.90817851,82.75189221,44.40423497,,,,,,,,,,
160.8289099,47.91818776,76.45277947,42.76583644,,,,,,,,,,
92.85828489,2.564206581,57.35289515,18.74444681,,,,,,,,,,
244.1385059,34.12478276,95.60471436,44.56500079,,,,,,,,,,
205.4193518,38.01956188,20.04745155,31.06805125,,,,,,,,,,
48.7850818,39.88227809,10.92642103,20.07497818,,,,,,,,,,
273.2781553,58.01723692,85.3961967,48.97969885,,,,,,,,,,
246.7611729,53.36025467,43.91498166,39.2004704,,,,,,,,,,
284.939974,60.79050928,84.69688542,53.93357924,,,,,,,,,,
217.7158525,76.48832615,89.30902052,54.90515131,,,,,,,,,,
184.0245588,81.29857387,6.245759362,36.9372778,,,,,,,,,,
125.4729109,71.81230762,88.3464763,50.19965728,,,,,,,,,,
279.818545,95.5523696,44.83190554,51.62024949,,,,,,,,,,
259.8191669,1.823258268,51.0432489,27.51111296,,,,,,,,,,
13.56560103,19.57779857,62.65925111,24.76502845,,,,,,,,,,
7.910092349,0.756287498,92.63826067,23.45532514,,,,,,,,,,
112.9390101,64.74747142,1.911609443,27.64695212,,,,,,,,,,
243.1659992,89.80305489,47.68434683,49.43106396,,,,,,,,,,
296.1828388,24.34822966,68.77220424,38.97585797,,,,,,,,,,
45.12506733,92.70345448,72.27069577,51.5281392,,,,,,,,,,
178.2392146,6.026739029,69.25324315,26.51362343,,,,,,,,,,
114.267257,93.44360268,13.44351294,41.20924708,,,,,,,,,,
290.9743193,35.16226872,29.93955884,29.00151112,,,,,,,,,,
252.6356769,10.14208284,35.87155254,24.15312698,,,,,,,,,,
251.4986114,48.58717592,80.44372077,45.66272352,,,,,,,,,,
140.6079479,25.67765677,27.87598724,22.08344556,,,,,,,,,,
124.4458507,28.4872902,21.07049639,20.86510761,,,,,,,,,,
82.02212158,30.72899649,95.7448019,35.31298508,,,,,,,,,,
16.912649,80.30258978,0.886328511,30.52893405,,,,,,,,,,
259.4167129,53.91612767,99.78208557,51.13326589,,,,,,,,,,
243.8703027,31.13076992,67.68212989,33.15400659,,,,,,,,,,
299.915302,61.03337833,82.84692994,47.63461126,,,,,,,,,,
298.9910511,71.61506742,29.46193963,43.12281984,,,,,,,,,,
166.6295117,27.26240007,1.431527767,21.04557921,,,,,,,,,,
230.6962246,41.35491015,73.78695186,35.89670271,,,,,,,,,,
283.429719,12.18860933,83.4144597,35.67720315,,,,,,,,,,
254.8942172,18.11493495,74.0476132,34.3872761,,,,,,,,,,
74.20443052,68.1117854,14.28502873,34.03539414,,,,,,,,,,
135.1632406,18.14383477,75.34279223,30.14819488,,,,,,,,,,
38.74782455,52.51633837,76.89227821,38.4492481,,,,,,,,,,
286.2153082,70.90462617,65.85405157,51.17332477,,,,,,,,,,
181.8523903,10.68769231,76.61159328,26.541589,,,,,,,,,,
68.59284165,56.73122196,84.59214397,43.21792348,,,,,,,,,,
201.5102053,25.65627837,61.36041142,33.46016702,,,,,,,,,,
185.4384721,96.29268752,8.860471397,44.0939767,,,,,,,,,,
107.4488154,48.35456467,48.76278097,41.40935362,,,,,,,,,,
34.06727766,80.59925498,7.764933467,27.92722841,,,,,,,,,,
201.4719587,55.02265422,40.7543031,41.16592853,,,,,,,,,,
156.0923103,4.341253285,40.71064891,20.11330314,,,,,,,,,,
231.6955175,63.31513756,6.600984414,35.15721666,,,,,,,,,,
156.0490503,95.14033422,34.8820534,46.66944847,,,,,,,,,,
255.6544501,60.16118201,11.09980988,34.64602192,,,,,,,,,,
165.5720516,81.91888594,80.823521,51.22358619,,,,,,,,,,
168.2813915,88.42064633,94.7688026,57.87022755,,,,,,,,,,
262.9960808,22.80797719,7.231647526,20.7742185,,,,,,,,,,
121.0448599,21.20448399,95.51152073,36.80660207,,,,,,,,,,
40.20456854,61.09809889,52.25765993,34.55675558,,,,,,,,,,
8.634802894,41.10284698,29.9565678,21.40742109,,,,,,,,,,
226.5411767,83.98613029,7.686207528,39.89470194,,,,,,,,,,
186.0928654,90.00231234,50.06242681,51.97119211,,,,,,,,,,
211.2239304,35.34213793,79.45155445,38.87123931,,,,,,,,,,
63.88924845,23.6870559,70.70864773,29.52032349,,,,,,,,,,
40.91144268,78.05255152,5.022601146,29.59483084,,,,,,,,,,
4.3633997,27.48060355,7.290183537,16.39259746,,,,,,,,,,
105.1762676,82.26143185,40.28732826,43.31396139,,,,,,,,,,
176.9753061,42.37382536,29.5290494,34.3941874,,,,,,,,,,
117.6732135,66.75498993,23.23843231,34.02998409,,,,,,,,,,
131.2424766,9.553531383,28.10044989,20.07315807,,,,,,,,,,
271.2476083,62.38593247,80.34827433,50.83147402,,,,,,,,,,
104.4766401,45.17676787,92.92280536,43.9084006,,,,,,,,,,
154.1968467,58.66084632,40.51026945,35.43051688,,,,,,,,,,
235.0959038,16.80142077,90.61110021,39.05649305,,,,,,,,,,
118.9628347,73.68737449,32.14957012,37.90524517,,,,,,,,,,
186.6260101,86.27970775,47.64369863,47.7493161,,,,,,,,,,
258.7091126,21.67398001,22.60289978,26.55464343,,,,,,,,,,
284.8561871,9.571455552,64.04760422,32.57968579,,,,,,,,,,
44.12204428,2.363858605,97.89811152,26.82120357,,,,,,,,,,
277.9762875,64.19715004,60.3493096,47.8774848,,,,,,,,,,
147.6348879,60.70940361,35.78140841,39.4307344,,,,,,,,,,
77.47331649,54.66974127,64.7817446,39.42710333,,,,,,,,,,
137.7407269,23.19470961,12.29206785,21.66476471,,,,,,,,,,
294.0097726,39.09059959,88.86590803,45.34967333,,,,,,,,,,
147.7854282,59.44763352,50.30839508,37.02890454,,,,,,,,,,
98.62548309,49.67668589,44.9349742,34.74562105,,,,,,,,,,
190.0202563,98.77855202,58.58647885,55.70376521,,,,,,,,,,
72.04368563,13.64397526,62.47838628,27.41595861,,,,,,,,,,
22.75899843,69.5144554,7.177580623,26.99225143,,,,,,,,,,
38.66391657,40.43187681,68.26172212,31.86936682,,,,,,,,,,
38.41375169,42.81996149,24.19316803,20.9422038,,,,,,,,,,
45.57080805,71.75977657,71.39526325,41.84487573,,,,,,,,,,
41.64815179,69.24361513,82.25347944,45.88284752,,,,,,,,,,
192.2624234,99.12559937,80.39585076,57.57435614,,,,,,,,,,
54.56402532,12.83942895,55.25009674,23.36536863,,,,,,,,,,
103.700185,10.41096494,52.01698923,22.29368852,,,,,,,,,,
269.036523,72.43388171,14.28759613,40.99725872,,,,,,,,,,
142.1884921,57.8386917,77.53461504,41.25068742,,,,,,,,,,
200.2673216,27.41606666,27.14093804,26.83411937,,,,,,,,,,
51.69596136,7.941936899,49.66954228,13.40205604,,,,,,,,,,
57.68670564,8.56582496,28.42740929,15.18890526,,,,,,,,,,
12.26058488,89.41908747,13.3828363,31.73177041,,,,,,,,,,
50.68051892,19.18673247,62.95576969,27.78638347,,,,,,,,,,
83.57710171,32.33715621,5.433203482,20.68568633,,,,,,,,,,
53.10314528,22.66564022,74.86452341,29.83006452,,,,,,,,,,
26.61076013,35.49963058,31.75867953,26.10806794,,,,,,,,,,
36.19076133,6.942384275,0.0134693,6.635206554,,,,,,,,,,
138.2336304,51.90597909,51.11291392,39.81844812,,,,,,,,,,
61.90011552,6.761256359,4.685190853,12.30580283,,,,,,,,,,
109.2809583,80.03565078,27.61695578,38.43221415,,,,,,,,,,
151.0251813,23.37120819,70.69764875,34.46313975,,,,,,,,,,
207.1184486,54.00119146,6.268962162,28.52630079,,,,,,,,,,
11.79364195,88.00790876,83.93384924,47.01185983,,,,,,,,,,
239.8231197,65.0877369,0.381992266,32.97846487,,,,,,,,,,
188.3701168,53.29577866,24.68238692,32.40206024,,,,,,,,,,
24.52770958,32.43337531,74.09040562,28.41608681,,,,,,,,,,
262.0735872,33.30019131,31.62701497,34.24457001,,,,,,,,,,
276.2617202,66.94869552,10.18923881,37.65521642,,,,,,,,,,
18.32338796,99.41393612,36.02339188,43.46680467,,,,,,,,,,
83.06329444,66.18391898,27.03932864,32.44487047,,,,,,,,,,
241.8603839,55.77834174,84.27119022,44.62094932,,,,,,,,,,
224.4779071,73.06505102,31.33479176,42.70570466,,,,,,,,,,
55.35630581,46.52056123,78.89324718,33.12456009,,,,,,,,,,
62.804797,6.01423426,89.18721448,27.01663696,,,,,,,,,,
111.1416308,56.22968159,43.38174196,32.25428802,,,,,,,,,,
145.3568956,95.76252845,90.99431439,61.71644923,,,,,,,,,,
185.4764315,17.53029424,37.7318054,27.04723205,,,,,,,,,,
110.6740919,69.00048908,96.40784165,49.62018631,,,,,,,,,,
138.7604148,20.09336887,8.928952453,20.8916311,,,,,,,,,,
224.2412814,53.58276845,68.70192665,42.09223517,,,,,,,,,,
11.00496087,9.667644965,49.38140405,19.30373149,,,,,,,,,,
75.7310833,45.03709363,38.76488055,29.6929684,,,,,,,,,,
214.0048758,75.61633289,63.27118787,49.42737264,,,,,,,,,,
268.5620513,34.75715242,70.38570916,42.79147661,,,,,,,,,,
153.5032326,66.49117245,0.436326965,32.63973064,,,,,,,,,,
159.6340456,79.54499608,16.69530887,39.16536975,,,,,,,,,,
32.1516034,92.71778195,71.30460506,45.05254486,,,,,,,,,,
134.22371,23.46420819,66.63854136,28.81582654,,,,,,,,,,
159.7851799,39.93159158,96.60475051,42.44641691,,,,,,,,,,
72.74115109,15.24160133,76.10377903,27.889627,,,,,,,,,,
80.77296928,99.24835022,95.07727077,54.76047054,,,,,,,,,,
113.1852489,92.70009679,70.25405015,56.21160238,,,,,,,,,,
6.021359333,53.99571303,29.80522086,30.43340057,,,,,,,,,,
96.62374967,84.20332944,10.53649223,37.4374839,,,,,,,,,,
63.4344021,52.09579773,78.18238633,38.94666639,,,,,,,,,,
98.24920565,62.3585688,64.41492215,40.09610536,,,,,,,,,,
35.92863955,8.912443212,4.818601239,8.170761873,,,,,,,,,,
267.1581842,75.52704205,36.00504659,45.70041034,,,,,,,,,,
178.0777361,12.77134836,95.67998155,35.60601534,,,,,,,,,,
203.7306957,82.60676303,50.04011457,45.4557585,,,,,,,,,,
236.7513716,78.20280877,43.2729136,47.25383305,,,,,,,,,,
149.5326597,70.87446977,45.76996052,41.08712132,,,,,,,,,,
26.07608643,3.616038052,20.8882724,7.489894237,,,,,,,,,,
161.1319625,30.31283559,36.87071709,26.19250258,,,,,,,,,,
176.0523354,26.31125699,36.9813256,26.50452457,,,,,,,,,,
223.6318423,36.01364075,5.235502019,29.57184163,,,,,,,,,,
129.4978639,8.764274676,76.75676285,29.27365578,,,,,,,,,,
38.27409084,93.6957823,41.65044319,40.29882382,,,,,,,,,,
85.13277174,55.38022407,82.21798868,42.43504841,,,,,,,,,,
108.9246889,30.55243107,85.03480011,32.43506892,,,,,,,,,,
193.7751724,39.69815171,21.19940547,31.06571561,,,,,,,,,,
171.2334914,44.72025405,65.73534822,37.47023621,,,,,,,,,,
106.8290178,60.05943334,47.22818042,36.54935442,,,,,,,,,,
295.9545746,51.56794277,88.01567379,52.56329387,,,,,,,,,,
181.7324458,91.93919732,21.57406792,41.59154348,,,,,,,,,,
71.16803752,49.69634829,67.78132003,33.51765362,,,,,,,,,,
30.53474179,99.21580148,60.77521223,46.97397391,,,,,,,,,,
45.85774176,85.14249577,29.53014776,40.35984566,,,,,,,,,,
73.78731852,20.85105144,13.66009037,13.90013409,,,,,,,,,,
48.20441198,93.05952146,65.16397605,42.21451693,,,,,,,,,,
55.97010722,11.63663979,73.85974581,24.59942767,,,,,,,,,,
85.52855061,81.74497085,31.56273438,40.36066175,,,,,,,,,,
52.01207859,38.06232935,64.4832604,33.79635753,,,,,,,,,,
269.0296274,87.79743204,39.51309076,49.07671014,,,,,,,,,,
24.0701237,86.80566901,71.32068833,45.4457901,,,,,,,,,,
157.3534169,80.59254001,19.92152749,41.76400564,,,,,,,,,,
123.1190481,79.00304363,89.02150026,47.69049167,,,,,,,,,,
294.7135851,30.46791391,28.74095965,30.90006795,,,,,,,,,,
33.61167065,8.091928305,36.77859878,16.50861285,,,,,,,,,,
119.3566797,40.29801788,5.809195208,23.92394904,,,,,,,,,,
290.84113,17.3524515,11.15122123,23.05001151,,,,,,,,,,
259.6521378,69.49510889,51.58619027,46.62073826,,,,,,,,,,
245.1216213,34.60997265,26.75926767,25.56305548,,,,,,,,,,
77.37084811,97.56102009,83.54802257,52.75624764,,,,,,,,,,
51.26627622,64.09720773,1.469338865,27.48069857,,,,,,,,,,
200.592966,82.24805636,37.90940487,43.31542845,,,,,,,,,,
278.8127967,13.25246727,33.73455468,26.99313143,,,,,,,,,,
167.0288679,86.20144823,1.932763092,38.8218868,,,,,,,,,,
171.4838068,92.27571905,12.4368399,41.34433757,,,,,,,,,,
83.9937281,48.70619188,41.36426749,31.58538773,,,,,,,,,,
230.84788,60.62529378,49.28645844,40.35332989,,,,,,,,,,
56.11312457,76.48098009,40.42897473,37.8613914,,,,,,,,,,
97.10377092,17.48386273,53.09376784,25.96849556,,,,,,,,,,
127.6309316,50.25660765,59.51316749,37.39879898,,,,,,,,,,
152.2831136,39.86630278,0.992382113,22.07662926,,,,,,,,,,
72.72291972,14.63739922,46.40951595,22.03047255,,,,,,,,,,
34.45104742,36.75344223,96.34992409,38.10327896,,,,,,,,,,
183.1860127,6.817230939,51.90322801,20.65337284,,,,,,,,,,
86.58916597,2.581190695,67.75422675,25.10691733,,,,,,,,,,
174.3714664,13.51662892,31.18638579,21.59461501,,,,,,,,,,
46.30881458,96.31151116,77.39913782,52.07661336,,,,,,,,,,
144.3420306,54.95295359,77.29214819,45.11249078,,,,,,,,,,
159.7768298,96.58221612,52.12960477,48.04831158,,,,,,,,,,
15.54706105,43.24978783,97.60138233,36.69821325,,,,,,,,,,
100.9812835,31.18161331,12.55502148,20.32764223,,,,,,,,,,
40.32440308,50.61418628,1.694766489,20.56867826,,,,,,,,,,
19.01249114,43.95116886,77.01582118,37.81888769,,,,,,,,,,
296.9880697,10.56646843,80.71555374,34.47902988,,,,,,,,,,
96.70615349,64.08263147,12.02072291,29.3860866,,,,,,,,,,
242.9623338,21.60381825,26.5582833,26.92007355,,,,,,,,,,
76.39219643,61.95879549,1.755236337,24.59007472,,,,,,,,,,
204.4508167,65.02010924,29.33086108,37.75887623,,,,,,,,,,
228.068358,15.20248531,77.31418739,34.78122391,,,,,,,,,,
178.6916222,6.134962711,51.79605277,23.68164345,,,,,,,,,,
141.4728566,78.07615861,34.80955932,40.85689999,,,,,,,,,,
123.5522742,45.98004238,37.17392949,30.11222536,,,,,,,,,,
104.66048,5.816379551,0.135362572,7.92946496,,,,,,,,,,
278.8587433,99.48663172,29.98005276,52.63953622,,,,,,,,,,
249.1858223,5.7780561,64.64587416,33.1398907,,,,,,,,,,
289.5080732,69.50352289,97.41944438,56.95207193,,,,,,,,,,
37.28916705,98.36789253,84.7060827,53.39367921,,,,,,,,,,
219.2602426,23.91801042,2.359496465,22.80315763,,,,,,,,,,
281.502137,14.22493687,89.85606047,35.96011764,,,,,,,,,,
54.36991985,12.13849394,78.31984133,29.88534256,,,,,,,,,,
19.94888021,30.32751476,78.03761236,30.9083897,,,,,,,,,,
222.3361948,10.1045811,45.7995759,29.3484511,,,,,,,,,,
172.341934,69.21613417,39.8005293,39.15255748,,,,,,,,,,
252.548633,6.229179813,30.29157288,26.66513769,,,,,,,,,,
41.93171299,50.94221281,6.569485895,24.82414053,,,,,,,,,,
238.5801936,99.66968539,22.82353635,50.1149008,,,,,,,,,,
60.48819601,81.39702695,24.6603635,37.23875753,,,,,,,,,,
49.09678286,61.52194382,48.40770697,34.60493862,,,,,,,,,,
49.27973938,30.62536208,74.74444066,33.50874965,,,,,,,,,,
244.3724161,62.38958363,47.38098284,43.24868804,,,,,,,,,,
199.5591662,52.70414639,5.784444945,26.01636015,,,,,,,,,,
156.9196274,42.60833839,95.7789801,40.98070971,,,,,,,,,,
107.6491452,13.07103767,94.27243191,31.71007199,,,,,,,,,,
263.1601622,88.66042152,78.51895431,58.44832178,,,,,,,,,,
117.7335322,44.97846488,99.13279016,42.91626181,,,,,,,,,,
244.9798318,19.46225118,54.44823328,33.96545686,,,,,,,,,,
131.7404726,36.77593509,96.27683503,36.65556271,,,,,,,,,,
113.0833288,41.41297525,7.560504062,23.74650241,,,,,,,,,,
138.8039357,82.75378956,36.56807483,39.05595081,,,,,,,,,,
90.41336225,73.36143806,22.5381268,36.65201586,,,,,,,,,,
224.2828141,76.93048936,19.58330841,40.77820363,,,,,,,,,,
150.816117,1.103126443,14.08029489,15.01886154,,,,,,,,,,
69.66380854,41.61539982,62.24136416,30.9916792,,,,,,,,,,
269.872372,48.13441516,78.13218557,48.42058641,,,,,,,,,,
115.1673664,1.919227682,57.82983994,23.83188028,,,,,,,,,,
163.0658583,25.98132087,14.69627096,23.42337339,,,,,,,,,,
271.9416333,76.02898231,81.11237699,54.64980093,,,,,,,,,,
187.2713988,13.71097057,63.59547072,30.48295584,,,,,,,,,,
35.06941221,53.53101315,38.81657061,28.81160942,,,,,,,,,,
281.9496371,21.5201872,67.41302955,37.92775887,,,,,,,,,,
188.3124159,1.212077464,25.99049792,21.39318125,,,,,,,,,,
100.4716844,24.12014576,34.51922085,25.29997639,,,,,,,,,,
41.7816218,97.58737549,91.74858431,52.83798944,,,,,,,,,,
238.2075568,80.15371119,29.05045057,45.10734038,,,,,,,,,,
186.0218268,95.95766443,46.99882682,48.04165468,,,,,,,,,,
160.0383276,48.78540439,89.01411374,44.98475779,,,,,,,,,,
268.1677749,10.97361987,70.77213503,34.07443079,,,,,,,,,,
236.5791634,54.7959489,6.220322616,28.40638305,,,,,,,,,,
45.50246392,45.43773346,14.73030443,21.07391179,,,,,,,,,,
93.51662034,84.43570827,0.784159077,33.66193132,,,,,,,,,,
74.54674194,9.808258078,63.09217902,22.94106341,,,,,,,,,,
223.1838878,48.8241137,44.76734254,35.10910426,,,,,,,,,,
10.05973042,15.00486647,13.42748509,13.36730363,,,,,,,,,,
170.9669055,32.46759269,95.79341211,41.24058366,,,,,,,,,,
228.7376057,73.73570774,52.96597239,46.47487277,,,,,,,,,,
263.029691,47.60181294,24.18932941,33.1280144,,,,,,,,,,
102.6245246,37.58882851,50.06035712,32.49111521,,,,,,,,,,
246.3771914,39.44762786,67.96203327,43.59259689,,,,,,,,,,
33.18952109,45.94467684,7.623921797,20.66864529,,,,,,,,,,
253.9356875,78.50165438,27.4703815,42.97766628,,,,,,,,,,
38.2465987,89.20846889,80.69654909,50.41412976,,,,,,,,,,
119.1861872,95.53346865,45.96648704,46.90472673,,,,,,,,,,
239.1886097,78.69033863,54.6577142,48.82739442,,,,,,,,,,
44.9752282,31.54068957,43.28160022,26.39684235,,,,,,,,,,
68.77541857,68.81347061,4.389994264,25.4543446,,,,,,,,,,
216.6757705,43.76031241,16.57497798,32.74672479,,,,,,,,,,
216.010961,25.4670622,44.55416387,30.33675092,,,,,,,,,,
192.3442899,84.08715794,20.91854654,41.280642,,,,,,,,,,
208.1845333,3.842634896,4.997902866,15.30128407,,,,,,,,,,
162.817333,90.17619921,84.36496641,55.36340508,,,,,,,,,,
75.53971767,46.14774646,98.11925292,38.02736062,,,,,,,,,,
103.7087981,63.72014768,79.3142874,47.11713016,,,,,,,,,,
54.47931504,65.93539222,85.37849217,44.11813997,,,,,,,,,,
272.5351684,89.51177407,24.19771303,48.48048582,,,,,,,,,,
175.0175384,63.66696822,96.06269755,52.21643105,,,,,,,,,,
120.255425,61.39335848,19.69257045,30.12441372,,,,,,,,,,
138.6017411,6.665204056,95.14298104,32.51917087,,,,,,,,,,
284.1850019,51.84080219,99.4819294,51.28074443,,,,,,,,,,
46.00542093,15.01690008,71.17228057,27.27328453,,,,,,,,,,
175.8689496,73.74337687,98.11437318,49.52619084,,,,,,,,,,
151.7666037,51.22219208,56.95397796,37.62992876,,,,,,,,,,
183.4362706,68.02277792,25.95417832,36.72947855,,,,,,,,,,
5.433055146,4.16729006,43.69958857,16.07195284,,,,,,,,,,
261.6371727,8.479201605,59.35609354,30.82055447,,,,,,,,,,
279.6354847,71.63233881,7.308156203,37.72150048,,,,,,,,,,
169.5399551,7.2084336,62.23432646,24.96664585,,,,,,,,,,
208.9952472,7.125672777,98.11778368,34.89973772,,,,,,,,,,
276.7498144,1.210847523,19.01076498,18.44211537,,,,,,,,,,
212.1715903,95.65013983,79.25951163,59.71777528,,,,,,,,,,
45.76171287,73.75083595,90.78987938,46.37528077,,,,,,,,,,
172.8865081,35.32514085,94.37015928,35.57305799,,,,,,,,,,
182.0145139,29.65355813,96.01356044,39.62971597,,,,,,,,,,
127.2392014,34.97032297,52.14596387,28.93277008,,,,,,,,,,
220.9332707,77.46535312,97.7307908,53.36054329,,,,,,,,,,
280.3101044,66.13706111,75.73102071,48.72487338,,,,,,,,,,
277.6705539,18.51955679,16.16714362,25.11493486,,,,,,,,,,
135.2518114,17.41093353,47.69001065,27.8286363,,,,,,,,,,
33.97141375,9.839564971,71.83311754,24.3037185,,,,,,,,,,
295.4523597,66.03027197,24.73403158,40.36097552,,,,,,,,,,
251.6694259,76.43726622,64.06151835,51.72206897,,,,,,,,,,
37.39880436,26.50464283,66.6600479,26.86117398,,,,,,,,,,
276.2525648,2.094496103,16.26997438,18.54324556,,,,,,,,,,
260.9689086,8.217166748,56.50853125,26.89688728,,,,,,,,,,
155.6514171,96.78600348,77.1626911,52.19073834,,,,,,,,,,
177.3826307,29.54447775,49.88956645,30.15671443,,,,,,,,,,
119.7008112,76.92231478,1.210311678,33.4228962,,,,,,,,,,
16.42849165,62.46635689,0.903846908,24.38456877,,,,,,,,,,
100.5591725,38.19396397,35.7029344,26.78920911,,,,,,,,,,
240.8560346,20.56872622,92.61940684,37.4372485,,,,,,,,,,
1.389606901,12.13864182,22.86767796,14.4872048,,,,,,,,,,
100.0497515,61.5012968,63.43636889,37.50538904,,,,,,,,,,
119.4506081,77.46337806,22.20758707,39.01061098,,,,,,,,,,
161.2186809,64.39042535,32.16699897,35.1948406,,,,,,,,,,
275.9566849,53.03021332,84.80420896,47.40330271,,,,,,,,,,
103.9037983,4.195122343,72.88614423,22.0583471,,,,,,,,,,
104.0859606,96.84887776,9.539927731,39.123283,,,,,,,,,,
221.2503744,79.87141917,42.8702021,48.33610606,,,,,,,,,,
135.6653823,29.28220367,2.916976365,20.82592784,,,,,,,,,,
67.38144688,97.99703294,48.08901466,48.66901491,,,,,,,,,,
135.7318548,60.18815896,66.24340117,42.77868721,,,,,,,,,,
42.25710611,58.24226582,11.85026236,24.32567681,,,,,,,,,,
52.91609595,74.80731794,28.88849389,34.67495955,,,,,,,,,,
149.5103318,81.17697881,39.78366255,41.72984117,,,,,,,,,,
125.6776349,65.64786073,91.95310247,50.77323392,,,,,,,,,,
274.4537703,12.80957464,99.32550154,37.29254622,,,,,,,,,,
108.7181697,33.8267506,4.4911299,22.18237333,,,,,,,,,,
174.1765051,92.80836403,76.10079235,56.81563562,,,,,,,,,,
189.6792864,22.46156118,37.17240664,30.41936154,,,,,,,,,,
3.928336977,37.21670238,39.24581862,23.35193473,,,,,,,,,,
199.0612116,43.20768829,75.42649733,42.43469874,,,,,,,,,,
53.41079006,43.94049897,91.84264321,43.25041361,,,,,,,,,,
288.3210952,61.29395825,95.09285945,52.70431982,,,,,,,,,,
44.59881833,94.30758377,57.7122586,43.54859909,,,,,,,,,,
124.3872371,24.06927118,35.71211593,20.57867396,,,,,,,,,,
25.60490042,12.15013763,78.75490859,26.84564308,,,,,,,,,,
299.0622756,19.74704899,25.10013833,24.14033297,,,,,,,,,,
150.6585031,88.69249002,56.40740288,48.1709296,,,,,,,,,,
178.6155052,64.58108127,35.85784615,39.56514019,,,,,,,,,,
20.12294322,28.59067892,65.66310737,27.88509395,,,,,,,,,,
224.9881411,81.5946939,24.03989129,44.1368018,,,,,,,,,,
62.97167793,86.13699964,19.15929457,37.63640563,,,,,,,,,,
269.4162868,84.65143387,91.82390867,62.09459499,,,,,,,,,,
61.54189214,91.89265336,10.18036829,35.16091259,,,,,,,,,,
57.2063162,25.22410202,50.59579077,23.62065113,,,,,,,,,,
10.96490035,75.50419287,22.0852783,30.96159065,,,,,,,,,,
141.6200835,46.05394973,3.892996333,26.91997115,,,,,,,,,,
169.45234,84.19985529,3.601881829,39.55922373,,,,,,,,,,
19.71259183,72.84906772,17.52217721,32.05011007,,,,,,,,,,
232.658285,77.64474465,86.67703545,57.30214922,,,,,,,,,,
135.9866504,65.61618377,28.2478744,33.41781429,,,,,,,,,,
157.3170808,17.74287695,95.04591706,38.95917795,,,,,,,,,,
132.2288241,54.50269189,58.1622293,41.31888363,,,,,,,,,,
120.2289183,98.46697395,43.66141898,49.55277671,,,,,,,,,,
167.8920994,93.73880665,58.00888347,55.00270048,,,,,,,,,,
46.57207378,4.31737358,51.66983852,15.17881631,,,,,,,,,,
54.57843915,16.48148157,75.87762538,26.25421084,,,,,,,,,,
258.5356863,13.17287735,28.2496066,23.47260505,,,,,,,,,,
283.8346386,72.597991,35.30503916,46.63674932,,,,,,,,,,
111.9927949,81.77853299,89.40943025,49.79487626,,,,,,,,,,
81.22340194,21.35113663,94.64565132,35.09839763,,,,,,,,,,
193.199863,50.5852693,89.25582275,48.49581215,,,,,,,,,,
122.6202513,84.0703028,41.9447994,44.90526657,,,,,,,,,,
7.615906698,73.28015448,78.0365503,43.46349472,,,,,,,,,,
46.84577921,54.22372055,47.63357333,30.69191532,,,,,,,,,,
214.7916687,59.03476905,49.75398521,39.55919257,,,,,,,,,,
197.6771826,50.83605469,20.46801091,34.7507437,,,,,,,,,,
8.128797751,29.75484513,59.11303033,27.63290952,,,,,,,,,,
66.59164858,56.50219929,18.61358978,28.25900465,,,,,,,,,,
69.32243898,68.88853021,33.15646991,34.23493151,,,,,,,,,,
201.5678231,87.33229159,85.50302016,52.31138869,,,,,,,,,,
5.913161326,63.6291354,20.70758092,26.32507842,,,,,,,,,,
31.2325746,76.1121537,7.115828517,34.32895297,,,,,,,,,,
239.9748256,16.0071635,6.900759261,18.22038278,,,,,,,,,,
53.56339862,46.15574744,94.07845205,40.18391023,,,,,,,,,,
195.8238324,0.933161983,50.6920438,25.26619859,,,,,,,,,,
71.45483431,24.66788645,40.94120718,20.93695541,,,,,,,,,,
29.83241783,72.64617151,81.0878581,44.57414074,,,,,,,,,,
72.9516573,99.18099513,83.58259279,56.26471447,,,,,,,,,,
216.6800796,9.917809959,33.21910331,23.31136548,,,,,,,,,,
256.7089404,40.14943159,69.36180575,46.92235435,,,,,,,,,,
249.0659594,80.00709687,77.11228159,51.05002524,,,,,,,,,,
119.1550589,20.40356346,65.46506869,31.09774219,,,,,,,,,,
200.425541,55.50849493,15.15950748,32.35586814,,,,,,,,,,
61.49528862,73.3071296,87.58830835,48.51345241,,,,,,,,,,
87.94431908,61.59854503,53.90945527,38.66184163,,,,,,,,,,
268.9007456,18.80247346,28.24724264,25.57990799,,,,,,,,,,
3.900577053,35.53845687,42.52281854,24.78011664,,,,,,,,,,
25.65255926,78.37917845,3.75710904,26.57547481,,,,,,,,,,
62.36587654,55.42265141,12.78668012,27.88526151,,,,,,,,,,
7.959661162,0.522961354,76.55467505,21.3825268,,,,,,,,,,
54.43063053,76.099076,0.001163476,31.28450105,,,,,,,,,,
174.9124683,3.531135494,41.65658285,23.5033926,,,,,,,,,,
126.4273652,74.57337827,52.25101811,43.61455139,,,,,,,,,,
267.8015133,20.24805602,5.463442,23.17534458,,,,,,,,,,
245.2330685,95.80734801,97.3078163,61.25095373,,,,,,,,,,
102.5452055,36.79407513,22.61253312,23.23809586,,,,,,,,,,
77.82703003,32.69316163,30.41987196,26.37847332,,,,,,,,,,
113.9077225,14.88880503,30.39425123,22.97447146,,,,,,,,,,
177.0884828,30.56042155,23.04166621,25.38377814,,,,,,,,,,
80.41909225,87.66507618,0.147382209,34.63776848,,,,,,,,,,
187.2446724,99.63343376,72.93447941,55.15748415,,,,,,,,,,
122.8234957,36.83095305,96.68454998,42.64464943,,,,,,,,,,
165.6141543,44.8610631,22.42934833,30.89958841,,,,,,,,,,
130.8379587,72.20709382,66.30471918,49.0390252,,,,,,,,,,
88.33972786,88.61957805,74.1896327,48.20074291,,,,,,,,,,
284.5359921,59.30443342,84.84253791,50.38526149,,,,,,,,,,
229.0817382,39.15256982,42.2629197,34.82451626,,,,,,,,,,
42.03395273,41.26218408,30.29309056,26.41161052,,,,,,,,,,
260.5403928,69.56181465,32.5295134,42.36472751,,,,,,,,,,
146.2293595,0.32182636,71.26213331,23.45222677,,,,,,,,,,
268.3656681,61.95893375,81.67794665,52.42071123,,,,,,,,,,
239.9565768,35.54930104,18.16139678,30.33760346,,,,,,,,,,
127.5640513,79.41973313,37.09410082,39.51475395,,,,,,,,,,
6.740792496,9.299063982,90.19401967,28.80904043,,,,,,,,,,
80.60320782,58.82022669,80.66935197,44.34446413,,,,,,,,,,
162.4902644,48.09728899,98.48584028,45.89455832,,,,,,,,,,
190.0434659,64.23255259,75.42482597,47.11566533,,,,,,,,,,
77.36630563,6.485359448,39.3195201,19.01227962,,,,,,,,,,
41.80682222,57.99837874,59.0637834,34.16113705,,,,,,,,,,
250.479071,56.1484588,66.10142542,45.14404852,,,,,,,,,,
295.3206542,56.06600944,7.845581632,30.89697824,,,,,,,,,,
157.7070547,60.34876666,54.44969591,42.05576266,,,,,,,,,,
51.50378575,67.64679372,70.93208285,38.41761967,,,,,,,,,,
81.69219796,80.49889997,16.7321304,38.77062365,,,,,,,,,,
5.517202964,26.98207201,78.06317174,28.26770388,,,,,,,,,,
274.289642,82.50494102,58.37727805,51.97518963,,,,,,,,,,
35.32532487,49.82556823,95.22217857,39.14965136,,,,,,,,,,
172.9549427,7.705827913,4.242229821,14.5023143,,,,,,,,,,
82.21656621,5.855092924,26.53261376,18.18877597,,,,,,,,,,
166.2534008,33.42383187,60.15538793,28.73274586,,,,,,,,,,
195.4261165,78.48969771,29.65599122,44.84908299,,,,,,,,,,
248.9225411,70.76809347,71.44241641,51.15185993,,,,,,,,,,
61.92638153,78.86149647,75.90052825,43.90156656,,,,,,,,,,
3.298748598,51.72690564,10.25159641,20.54971613,,,,,,,,,,
41.06568902,44.0198998,51.38544642,33.47847284,,,,,,,,,,
270.0055926,14.74525267,50.88905556,28.51059686,,,,,,,,,,
262.1670233,32.81927536,36.92807702,30.41137792,,,,,,,,,,
179.2239307,43.40193662,93.29248626,46.12266455,,,,,,,,,,
180.1550581,8.860042968,82.75063199,32.09144737,,,,,,,,,,
199.5110024,22.06119527,69.72093819,31.66713516,,,,,,,,,,
52.61138359,59.82252941,71.43266357,39.77099683,,,,,,,,,,
274.3235838,73.56631142,46.17161438,45.22565429,,,,,,,,,,
125.6311575,99.83475114,92.09945211,60.59720486,,,,,,,,,,
114.9415585,93.31133313,69.45954273,53.60571275,,,,,,,,,,
155.6753116,64.25651995,72.89810617,46.14760208,,,,,,,,,,
14.08979003,42.12480533,86.16909038,36.1581734,,,,,,,,,,
49.88501063,63.61773647,27.40715893,35.0845294,,,,,,,,,,
221.4100849,78.56516181,80.70709039,53.56674267,,,,,,,,,,
24.83960038,11.83361909,19.5240603,11.08473355,,,,,,,,,,
180.9456328,40.99048897,34.53419522,32.34075888,,,,,,,,,,
73.6047329,83.98022856,33.56104543,44.02256107,,,,,,,,,,
116.7886842,38.38329519,97.85254684,38.72752631,,,,,,,,,,
86.60812103,57.18722712,85.65372237,42.02831192,,,,,,,,,,
106.7018149,58.77693609,70.11698616,41.75744273,,,,,,,,,,
215.7137716,18.44762531,72.70567616,33.59616399,,,,,,,,,,
89.13651469,36.22354417,56.20727944,28.70937256,,,,,,,,,,
169.9213921,33.45112887,94.70906671,43.0177234,,,,,,,,,,
142.8151207,2.619670853,49.62587529,26.06376258,,,,,,,,,,
199.1013496,2.419176389,38.05177099,21.69242402,,,,,,,,,,
281.0489218,83.16970437,16.30353369,42.64543834,,,,,,,,,,
219.7716292,27.307081,78.62056523,34.60918146,,,,,,,,,,
64.48211358,51.80787662,73.44439321,38.32647813,,,,,,,,,,
9.354940518,29.87255736,38.43550385,24.23082029,,,,,,,,,,
78.67921329,94.06792451,2.519341396,37.82174966,,,,,,,,,,
178.5233792,25.92967589,83.89973277,36.69497681,,,,,,,,,,
15.42774405,42.96568127,1.141798345,17.55663051,,,,,,,,,,
148.9098742,87.27302505,70.36997796,49.02797081,,,,,,,,,,
179.0528547,84.19335668,97.02571097,58.49476604,,,,,,,,,,
100.2731672,18.61014178,43.76613281,25.17473903,,,,,,,,,,
231.2736611,80.26433098,23.4973405,39.93825427,,,,,,,,,,
31.97947594,45.81868867,70.487101,37.3018838,,,,,,,,,,
22.54133452,48.29688721,81.7128142,37.88142483,,,,,,,,,,
218.4566269,13.34799724,54.64303161,31.47045986,,,,,,,,,,
148.6473949,8.060151376,96.70352753,30.02039122,,,,,,,,,,
206.5207189,72.7939307,5.166872166,33.40073409,,,,,,,,,,
130.4482016,49.64611524,50.47955983,34.90973598,,,,,,,,,,
73.92060997,43.68507026,71.84539473,36.43699328,,,,,,,,,,
245.7306953,72.95082287,86.26404711,57.56000574,,,,,,,,,,
239.8247637,76.5512899,17.92556119,42.55564758,,,,,,,,,,
208.4089413,15.89081677,80.00034818,33.61830976,,,,,,,,,,
81.64354117,61.02251495,55.27070757,35.57389923,,,,,,,,,,
177.0692001,13.53540823,39.6553682,26.53446526,,,,,,,,,,
108.2921691,75.1375086,13.17150286,32.57782906,,,,,,,,,,
27.474622,65.69551563,86.52957589,46.37049186,,,,,,,,,,
275.1940726,95.66146211,15.72732082,47.2828964,,,,,,,,,,
41.04558928,6.895801636,30.97878592,18.08748539,,,,,,,,,,
285.0712061,5.705472115,29.0045532,25.2732631,,,,,,,,,,
133.8017319,28.21870747,87.14140342,35.97197122,,,,,,,,,,
